"Key","Section","Where it appears","Original copy","Alison edit"
"info.refresh.t2","Query Type 2 · B. Data Refresh Frequency","(ⓘ) tooltip on title","We recommend Monthly or Weekly Data Refresh for Topical Queries. Both save money yet are adequate for studying big categorical changes. Brands studying category trends are typically studying the bigger picture as opposed to what happened yesterday or even last week. <br><br>If you choose <strong>Monthly Refresh, </strong>we'll pull data on the 2nd of every month, re-augment the searches based on new content that's appeared since the last query, and send you back the month's videos by the 5th. Anytime your clients visit your platform from the 6th through the last day of the month, they'll be looking at data that's fresh through the end of the prior month. For brands studying big picture category shifts and looking for new trends, Monthly Refresh is perfectly acceptable. We've discounted it to deal with the high cost of Contextual Topic Queries. <br><br>If you choose <strong>Weekly Data Refresh</strong> you will save money, but your users will face a data hole that's miniscule on Mondays and awkwardly large on Sundays. We pull weekly data on Sunday nights, collecting the prior week's Monday to Sunday activity. If a user visits on a Monday, the data is completely current - the entire past week is available to them. The user who logs in on a Thursday will notice this week's Monday to Wednesday data is missing. The user who logs in on Sunday will face an entire week of missing data. Generally speaking, the weeklong data gap has no impact on brands studying Topics. <br><br>If you choose <strong>Daily Data Refresh</strong>, your users will always have new data through yesterday, no matter when they visit your platform. New data includes any new Videos or Comments that appeared yesterday, as well as fresh metric counts (like new views) on older evergreen videos. Daily Refresh is best for Brand Queries, where monitoring new product rollouts, tracking organic pickup of time-sensitive campaigns like Super Bowl, monitoring media pickup of PR initiatives, tracking Crisis PR situations and closely monitoring consumer complaints is the need. Daily Refresh would be overkill for most Topical Searches.","We recommend Monthly or Weekly Data Refresh for Topical Queries. Both save money yet are adequate for studying big categorical changes. Brands studying category trends are typically studying the bigger picture as opposed to what happened yesterday or even last week. <br><br><strong>Monthly Refresh:&nbsp; </strong>We pull data on the 2nd of every month, re-augment the searches based on new content that's appeared since the last query, and send you back the month's videos by the 5th. Any time your clients visit your platform from the 6th through the last day of the month, their data is fresh through the end of the prior month. For brands studying big picture category shifts and trends, Monthly Refresh is perfectly acceptable. We've discounted it to deal with the high cost of Contextual Topic Queries. <br><br><strong>Weekly Data Refresh:</strong>&nbsp;We pull weekly data on Sunday nights, collecting the prior week's Monday to Sunday activity. If a user visits on a Monday, the data is completely current - the entire past week is available to them. The user who logs in on Sunday will face an entire week of missing data. Generally speaking, the week-long data gap is less-than-ideal for brand queries but acceptable for topical queries.<br><br><strong>Daily Data Refresh:&nbsp;</strong>&nbsp;Your users will always have new data through yesterday, no matter when they visit your platform. This is not typically important for topical searches."
"info.depth-titles.t2","Query Type 2 · C. Search Depth","(ⓘ) tooltip on Titles only","<strong>Titles Only:</strong> Topical Queries perform very well with this least expensive option. Titles Only may miss a few vloggers who are so dedicated to the Topic that they start short-handing their video titles. Think about the skincare vlogger who has people following her acne recovery journey. At first she always uses the right keywords in her titles - Acne, Skincare, etc. After awhile, she starts titling videos to ""How I Looked on Monday."" However, on these contextual queries, we minimize the risk of missing these videos by adding in Subject Matter Expert channels. Using this Skincare example, we've identified more than 5000 channels that are dedicated to skincare. When appropriate, we make those channels an OR in the query. That's why Titles Only is perfectly adequate for Topical Queries.","<strong>Titles Only:</strong> Topical Queries perform very well with this least expensive option. Titles Only may miss a few vloggers who are so dedicated to the Topic that they start short-handing their video titles, skipping keywords. However, on these Topical Contextual Queries, we minimize the risk of missing these videos by adding in Subject Matter Expert channels.&nbsp; We have more than 10,000 Subject Matter Expert Channels for each Level 4 Topic in our taxonomy.&nbsp; That's why Titles Only is perfectly adequate for Topical Queries."
"info.depth-ttd.t2","Query Type 2 · C. Search Depth","(ⓘ) tooltip on Titles + Tags + Descriptions","<strong>Titles + Tags + Descriptions:</strong> This option looks deeper than Video Titles, catching about 10% more relevant videos. But here's why it's not necessary. Titles Only will catch 80 to 90% of Topical videos. A statistically valid sample size for identifying category trends would be 250-channels. Most topics will contain more than 10,000 Subject Matter expert channels. The sample size is overwhelmingly valid for accurately studying a Topic or Category.","<strong>Titles + Tags + Descriptions:</strong> This option looks deeper than Video Titles, catching about 10% more relevant videos. But for Topical Queries, it's not necessary to pay the premium to add Tags &amp; Descriptions.&nbsp; Titles Only will catch 80 to 90% of Topical videos. A statistically valid sample size for identifying category trends would be 250-channels. Most topics will contain more than 10,000 Subject Matter expert channels. The sample size achieved in Titles Only is overwhelmingly valid for accurately studying a Topic or Category."
"cardF.sub.t2","Query Type 2 · F. Query Management","Subtext","Placeholder Copy","Topical Queries must use our Contextual Query Option"
"info.query.t2","Query Type 2 · F. Query Management","(ⓘ) tooltip on title","<strong>Adjusted Queries: </strong> We perform basic changes to dramatically improve search results. Programmatically, as the query comes in, we change apostrophes and quotations to our universal format, and we remove punctuation (except apostrophes) and hashtags. Manually, we combine terms that aren't combined and we split terms that are combined. For example, if the query says ""Glassskin"" we add ""Glass Skin,"" catching significantly more videos. Where OR strings are connected by the wrong operator, we fix it. We add all the possessives and plurals. If the user has submitted more than one brand in the query we remove the second brand and submit a second query for your approval. If there are obvious, easy things we can to do improve the catch or discard the noise in the few minutes allowed, we do it. <div><br><strong>Contextual Queries</strong> are 100% Accurate and Complete, and we guarantee it. It's the Mercedes of Social Listening. If you can afford this option, Contextual is the way to go. Your clients will immediately notice your mastery of Video Social Listening. To achieve perfection, we combine our big data engineering with People Power - the same people who've classified every YouTube brand video into hundreds of thousands of topical homes. Our people aren't guessing at terms. They're looking at the entire database of videos that responds to the query. They can see - and are aided by AI to see - the thousands of Boolean operators needed to NOT OUT the NOISE and CATCH all the SIGNAL. <br><br>Some platforms have expressed nervousness around this, concerned we might make judgment calls the brand wouldn't agree with. Things are surprisingly black and white. Incoming queries very clearly state the brands' intentions. The problem is that users never achieve their stated intention. There are never enough NOTs, ANDs and ORs to get the job done. We expand terms and channels to find every video matching the brand's criteria. We take out all the Noise. Example: Orange Telecom submits ""Orange AND Phone."" A video entitled ""Get your newest phone at the local Orange store"" is Signal. A kids' cartoon with the knock knock joke, ""Orange you glad I didn't call you on the phone?"" is Noise. The lines are easy to draw, but to get good results, someone needs to draw them. Without the actual database of content to work with, that's impossible to do. <br><br>Our Contextual Queries contain 1,000 to 10,000 operators per query and produce 5–50× more results than Adjusted Queries. Contextual queries are the only way to go for generic-name brands like <em>Orange Telecom, Dodge Cars, Specialized Bicycles, Columbia Sportswear, Liberty Financial</em>. Contextual Queries are perfected by Day 30, but they're also never done. New content reveals new combinations of words that beg for more NOTs, ANDs and ORs. </div><div><br></div><div>At a $2mm spending level, our Contextual Queries become your property so you can use them to improve results on TikTok, Reels and elsewhere. </div>","Due to the outcome of multiple tests,&nbsp;<strong>Contextual Queries</strong> are the only option for Topical (Unbranded) Queries.&nbsp; On our Topical tests, simple Adjustments weren't enough to produce good-enough results:&nbsp; each query was extracting more than 100mm videos from our database, the vast majority of which was noise.&nbsp; The queries need to be rewritten, augmented and limited to protect our database as well as our reputation for quality.&nbsp; At a $2mm spending level, our Contextual Queries become your property so you can use them to improve results on TikTok, Reels and elsewhere."
"info.qt-contextual.t2","Query Type 2 · F. Query Management","(ⓘ) tooltip on Contextual","Produces 5 to 50 times the number of results with a 100% Signal, 0% Noise guarantee.","DELETE COMPLETELY"
"info.em-include.t2","Query Type 2 · F. Query Management","(ⓘ) tooltip on Owned Media exclusion","<strong>Exclude Earned Media.</strong> Exclude any and all videos published by the brand itself across all of the brand's YouTube channels regardless of geography.<br><br>This is a filter, not a query change.","<strong>Exclude Earned Media.</strong> Exclude any and all videos published by the brand itself across all of the brand's YouTube channels."
"info.inc-gaming.t2","Query Type 2 · F. Query Management","(ⓘ) tooltip on Gaming exclusion","<strong>Exclude Gaming.</strong> The Video Gaming, Popular Music and Kids' Media Topics produce more than half of all Social Listening Noise. No matter the query, it's highly likely a gamer, a cartoon, a song or a band uses those words. If you're opting for Contextual Queries, we take care of the noise whether or not you check these boxes. <br><br>But if you're saving money by using Adjusted Searches, it's wise to check the Gaming box. <br>","<b>delete</b><div><b><br></b></div>"
"cardF.exclusions.gaming.t2","Query Type 2 · F. Query Management","Exclusion checkbox","Gaming","delete option<div><br></div>"
"cardF.exclusions.music.t2","Query Type 2 · F. Query Management","Exclusion checkbox","Music","delete option<div><br></div>"
"cardF.exclusions.kids.t2","Query Type 2 · F. Query Management","Exclusion checkbox","Kids","delete option"
"info.inc-music.t2","Query Type 2 · F. Query Management","(ⓘ) tooltip on Music exclusion","<strong>Exclude Music.</strong> The Video Gaming, Popular Music and Kids' Media Topics produce more than half of all Social Listening Noise. No matter the query, it's highly likely a gamer, a cartoon, a song or a band uses those words. If you're opting for Contextual Queries, we take care of the noise whether or not you check these boxes. <br><br>But if you're saving money by using Adjusted Searches, it's wise to check the Music box.","<b>delete</b><div><b><br></b></div>"
"info.inc-kids.t2","Query Type 2 · F. Query Management","(ⓘ) tooltip on Kids exclusion","<strong>Exclude Kids.</strong> The Video Gaming, Popular Music and Kids' Media Topics produce more than half of all Social Listening Noise. No matter the query, it's highly likely a gamer, a cartoon, a song or a band uses those words. If you're opting for Contextual Queries, we take care of the noise whether or not you check these boxes. <br><br>But if you're saving money by using Adjusted Searches, it's wise to check the Kids box.","<b>delete</b>"
"cardG.sub.t2","Query Type 2 · G. Query Volume","Subtext","How many queries you will submit.","Estimate Your Data Costs by Entering the Number of Topical Queries You'll Submit"
"cardG.sub.t1","Query Type 1 · G. Query Volume","Subtext","How many queries you will submit.","Estimate Your Data Costs by Entering the Number of Brand Queries You'll Submit"
"info.creatorMetrics.t2","Query Type 2 · E. Creator Metrics","(ⓘ) tooltip on title","<strong>Creator Metrics (placeholder).</strong> Influencer Marketing is now mainstream media. Creator Metrics enable your platform to connect Social Listening to its next logical step – Influencer Marketing. Creator Metrics enables you to show who's talking about the brand, how big they are, and whether they're hurting or helping the brand's reputation. Across videos, Creator Data enables you to summarize who's harming the brand with repetitive, negative content. And the inverse....who's promoting the brand out of genuine loyalty and could use some free product love? Who should the brand hire next?","<strong>Creator Metrics.</strong> Influencer Marketing is now mainstream media. Creator Metrics enable your platform to connect Social Listening to its next logical step – Influencer Marketing.&nbsp; Creator Metrics are particularly important for Topical Queries; finding the category's Influencers is often the underlying reason for users to submit this type of query.&nbsp; Enable your platform to show who's talking about the brand, how big they are, and whether they're hurting or helping the brand's reputation. Across videos, Creator Data enables you to summarize who's harming the brand with repetitive, negative content. And the inverse....who's promoting the brand out of genuine loyalty and could use some free product love? Who should the brand hire next?"
"info.volume.t2","Query Type 2 · G. Query Volume","(ⓘ) tooltip on title","One <em>query</em> = one search string. Each query returns 100% of matching videos in your Selected Date Refresh period. We do not cap results volume. Volume below 15,000 queries carries a per-query surcharge; tiers above 15,000 receive an increasingly large discount.","One <em>query</em> = one search string. Each query returns 100% of matching videos no matter when they were published, so long s the video had fresh viewing in the past 36 months.&nbsp; Volume below 15,000 queries carries a per-query surcharge; tiers above 15,000 receive an increasingly large discount.&nbsp; We do not truncate results by volume.&nbsp;"
"info.volume.t1","Query Type 1 · G. Query Volume","(ⓘ) tooltip on title","One <em>query</em> = one search string. Each query returns 100% of matching videos in your Selected Date Refresh period. We do not cap results volume. Volume below 15,000 queries carries a per-query surcharge; tiers above 15,000 receive an increasingly large discount.","One <em>query</em> = one search string. Each query returns 100% of matching videos no matter when they were published, so long s the video had fresh viewing in the past 36 months.&nbsp; Volume below 15,000 queries carries a per-query surcharge; tiers above 15,000 receive an increasingly large discount.&nbsp; We do not truncate results by volume.&nbsp;"
"info.inc-kids.t1","Query Type 1 · F. Query Management","(ⓘ) tooltip on Kids exclusion","<strong>Exclude Kids.</strong> The Video Gaming, Popular Music and Kids' Media Topics produce more than half of all Social Listening Noise. No matter the query, it's highly likely a gamer, a cartoon, a song or a band uses those words. If you're opting for Contextual Queries, we take care of the noise whether or not you check these boxes. <br><br>But if you're saving money by using Adjusted Searches, it's wise to check the Kids box.","<strong>Exclude Kids.</strong> The Video Gaming, Popular Music and Kids' Media Topics produce more than half of all Social Listening Noise. No matter the query, it's highly likely a gamer, a cartoon, a song or a band uses those words. <br><br>If you're opting for Contextual Queries, we take care of the noise whether or not you check these boxes.&nbsp; If you're saving money by using Adjusted Searches, it's wise to check the Kids box."
"info.inc-music.t1","Query Type 1 · F. Query Management","(ⓘ) tooltip on Music exclusion","<strong>Exclude Music.</strong> The Video Gaming, Popular Music and Kids' Media Topics produce more than half of all Social Listening Noise. No matter the query, it's highly likely a gamer, a cartoon, a song or a band uses those words. If you're opting for Contextual Queries, we take care of the noise whether or not you check these boxes. <br><br>But if you're saving money by using Adjusted Searches, it's wise to check the Music box.","<strong>Exclude Music.</strong> The Video Gaming, Popular Music and Kids' Media Topics produce more than half of all Social Listening Noise. No matter the query, it's highly likely a gamer, a cartoon, a song or a band uses those words. <br><br>If you're opting for Contextual Queries, we take care of the noise whether or not you check these boxes.&nbsp; If you're saving money by using Adjusted Searches, it's wise to check the Music box."
"info.inc-gaming.t1","Query Type 1 · F. Query Management","(ⓘ) tooltip on Gaming exclusion","<strong>Exclude Gaming.</strong> The Video Gaming, Popular Music and Kids' Media Topics produce more than half of all Social Listening Noise. No matter the query, it's highly likely a gamer, a cartoon, a song or a band uses those words. If you're opting for Contextual Queries, we take care of the noise whether or not you check these boxes. <br><br>But if you're saving money by using Adjusted Searches, it's wise to check the Gaming box. <br>","<strong>Exclude Gaming.</strong> The Video Gaming, Popular Music and Kids' Media Topics produce more than half of all Social Listening Noise. No matter the query, it's highly likely a gamer, a cartoon, a song or a band uses those words. I<br><br>If you're opting for Contextual Queries, we take care of the noise whether or not you check these boxes. But if&nbsp;you're saving money by using Adjusted Searches, it's wise to check the Gaming box. <br>"
"info.em-include.t1","Query Type 1 · F. Query Management","(ⓘ) tooltip on Owned Media exclusion","<strong>Exclude Earned Media.</strong> Exclude any and all videos published by the brand itself across all of the brand's YouTube channels regardless of geography.<br><br>This is a filter, not a query change.","<strong>Exclude Earned Media.</strong> Exclude any and all videos published by the brand itself across all of the brand's YouTube channels."
"info.query.t1","Query Type 1 · F. Query Management","(ⓘ) tooltip on title","<strong>Adjusted Queries: </strong> We perform basic changes to dramatically improve search results. Programmatically, as the query comes in, we change apostrophes and quotations to our universal format, and we remove punctuation (except apostrophes) and hashtags. Manually, we combine terms that aren't combined and we split terms that are combined. For example, if the query says ""Glassskin"" we add ""Glass Skin,"" catching significantly more videos. Where OR strings are connected by the wrong operator, we fix it. We add all the possessives and plurals. If the user has submitted more than one brand in the query we remove the second brand and submit a second query for your approval. If there are obvious, easy things we can to do improve the catch or discard the noise in the few minutes allowed, we do it. <div><br><strong>Contextual Queries</strong> are 100% Accurate and Complete, and we guarantee it. It's the Mercedes of Social Listening. If you can afford this option, Contextual is the way to go. Your clients will immediately notice your mastery of Video Social Listening. To achieve perfection, we combine our big data engineering with People Power - the same people who've classified every YouTube brand video into hundreds of thousands of topical homes. Our people aren't guessing at terms. They're looking at the entire database of videos that responds to the query. They can see - and are aided by AI to see - the thousands of Boolean operators needed to NOT OUT the NOISE and CATCH all the SIGNAL. <br><br>Some platforms have expressed nervousness around this, concerned we might make judgment calls the brand wouldn't agree with. Things are surprisingly black and white. Incoming queries very clearly state the brands' intentions. The problem is that users never achieve their stated intention. There are never enough NOTs, ANDs and ORs to get the job done. We expand terms and channels to find every video matching the brand's criteria. We take out all the Noise. Example: Orange Telecom submits ""Orange AND Phone."" A video entitled ""Get your newest phone at the local Orange store"" is Signal. A kids' cartoon with the knock knock joke, ""Orange you glad I didn't call you on the phone?"" is Noise. The lines are easy to draw, but to get good results, someone needs to draw them. Without the actual database of content to work with, that's impossible to do. <br><br>Our Contextual Queries contain 1,000 to 10,000 operators per query and produce 5–50× more results than Adjusted Queries. Contextual queries are the only way to go for generic-name brands like <em>Orange Telecom, Dodge Cars, Specialized Bicycles, Columbia Sportswear, Liberty Financial</em>. Contextual Queries are perfected by Day 30, but they're also never done. New content reveals new combinations of words that beg for more NOTs, ANDs and ORs. </div><div><br></div><div>At a $2mm spending level, our Contextual Queries become your property so you can use them to improve results on TikTok, Reels and elsewhere. </div>","<div><b>Testing Platform-provided Queries revealed that 0% could be accepted ""as is"" and return acceptable results.&nbsp;</b>&nbsp;<br><br><div><b>Our Test Results:</b>&nbsp; These results represent a broadly rounded average of 12 different Brand Queries provided at random by multiple Social Listening Platforms.<br><br>&nbsp; &nbsp; &nbsp; &nbsp; &nbsp; &nbsp; &nbsp; &nbsp; &nbsp; &nbsp; &nbsp; &nbsp; &nbsp; &nbsp; &nbsp; &nbsp; &nbsp; &nbsp; &nbsp; &nbsp; &nbsp; &nbsp; &nbsp; &nbsp; &nbsp; &nbsp; &nbsp; &nbsp; &nbsp; &nbsp; &nbsp; &nbsp; &nbsp; &nbsp; &nbsp;<b>Videos Found</b>&nbsp; &nbsp; &nbsp; &nbsp; &nbsp;&nbsp;<b>Signal Videos&nbsp;</b>&nbsp; &nbsp; &nbsp; &nbsp; &nbsp; &nbsp;&nbsp;<b>Noise Videos</b>&nbsp; &nbsp; &nbsp; &nbsp;&nbsp;<b>Accuracy Rate</b><br>YouTube API&nbsp; &nbsp; &nbsp; &nbsp; &nbsp; &nbsp; &nbsp; &nbsp; &nbsp; &nbsp; &nbsp; &nbsp; &nbsp; &nbsp; &nbsp; &nbsp; &nbsp; &nbsp; &nbsp; &nbsp; &nbsp; &nbsp; &nbsp; &nbsp; &nbsp; &nbsp; &nbsp; &nbsp;300&nbsp; &nbsp; &nbsp; &nbsp; &nbsp; &nbsp; &nbsp; &nbsp; &nbsp; &nbsp; &nbsp; &nbsp; &nbsp; &nbsp; &nbsp; &nbsp;9&nbsp; &nbsp; &nbsp; &nbsp; &nbsp; &nbsp; &nbsp; &nbsp; &nbsp; &nbsp; &nbsp; &nbsp; &nbsp; &nbsp; &nbsp; &nbsp; &nbsp;291&nbsp; &nbsp; &nbsp; &nbsp; &nbsp; &nbsp; &nbsp; &nbsp; &nbsp; &nbsp; &nbsp; &nbsp; &nbsp; 3%<br>Touchstorm DataLabs, Adjusted Query&nbsp; &nbsp; &nbsp; &nbsp; &nbsp; &nbsp; &nbsp;2500&nbsp; &nbsp; &nbsp; &nbsp; &nbsp; &nbsp; &nbsp; &nbsp; &nbsp; &nbsp; &nbsp; &nbsp; &nbsp; &nbsp;1500&nbsp; &nbsp; &nbsp; &nbsp; &nbsp; &nbsp; &nbsp; &nbsp; &nbsp; &nbsp; &nbsp; &nbsp; &nbsp; &nbsp; &nbsp;1000&nbsp; &nbsp; &nbsp; &nbsp; &nbsp; &nbsp; &nbsp; &nbsp; &nbsp; &nbsp; &nbsp; &nbsp; 60%</div><div>Touchstorm DataLabs, Contextual Query&nbsp; &nbsp; &nbsp; &nbsp;10,000&nbsp; &nbsp; &nbsp; &nbsp; &nbsp; &nbsp; &nbsp; &nbsp; &nbsp; &nbsp; &nbsp; &nbsp; &nbsp;10,000&nbsp; &nbsp; &nbsp; &nbsp; &nbsp; &nbsp; &nbsp; &nbsp; &nbsp; &nbsp; &nbsp; &nbsp; &nbsp; &nbsp; &nbsp; 0&nbsp; &nbsp; &nbsp; &nbsp; &nbsp; &nbsp; &nbsp; &nbsp; &nbsp; &nbsp; &nbsp; &nbsp; &nbsp; 100%</div></div><strong><div><strong><br></strong></div>Adjusted Queries: </strong> We perform basic but impactful changes to the submitted query. Programmatically, as the query comes in, we change apostrophes and quotations to our universal format, and we remove punctuation (except apostrophes) and hashtags. Manually, we combine terms that aren't combined and we split terms that are combined. For example, if the query asks for ""Glassskin"" we add ""Glass Skin,"" catching significantly more videos. Where OR strings are connected by the wrong operator, we fix it. We add all the possessives and plurals. If the user has submitted more than one brand in the query we remove the second brand and submit a second query for your approval. If there are obvious, easy things we can to do improve the catch or discard the noise in the few minutes allowed per query, we do it. <div><br><strong>Contextual Queries</strong> are 100% Accurate and Complete, and we guarantee it. It's the Mercedes of Social Listening. If you can afford this option, Contextual is the way to go. Your clients will immediately notice your mastery - the difference is dramatic. To achieve perfection, we combine our big data engineering with People Power - the same people who've classified every YouTube brand video into hundreds of thousands of topical homes. Our people aren't guessing at terms. They're looking at the entire database of videos that responds to the query. They can see - and are aided by AI to see - the thousands of Boolean operators needed to NOT OUT the NOISE and CATCH all the SIGNAL. <br><br>Some platforms have expressed nervousness around this, concerned we might make judgment calls the brand wouldn't support. Things are much more black and white than you might think. Example: Orange Telecom submits ""Orange AND Phone."" A video entitled ""Get your newest phone at the local Orange store"" is Signal. A kids' cartoon with the knock knock joke, ""Orange you glad I didn't call you on the phone?"" is Noise. The lines are easy to draw, but to get good results, someone needs to draw them. Without the actual database of content to work with, that's impossible to do.</div><div><br></div><div>Incoming queries very clearly state the brands' intentions. The problem is that users never achieve their stated intention. There are never enough NOTs, ANDs and ORs to get the job done.&nbsp; Our Contextual Queries contain 1,000 to 10,000 operators per query and produce 5–50× more results than Adjusted Queries. Contextual queries are the only way to go for generic-name brands like <em>Orange Telecom, Dodge Cars, Specialized Bicycles, Columbia Sportswear, Liberty Financial</em>. Contextual Queries are perfected by Day 30, but they're also never done. The endless stream of new content exposes new combinations of words that beg for more NOTs, ANDs and ORs to be added.</div><div><br></div><div><i style="""">At a $2mm spending level, our Contextual Queries become your property so you can use them to improve results on TikTok, Reels and elsewhere. </i></div>"
"info.depth-transcripts.t1","Query Type 1 · C. Search Depth","(ⓘ) tooltip on Transcripts","<strong>All + Category Transcripts: </strong> Strongly recommended. This final option turns up a specific, important type of Product Review Video. <em>These are Big-view listicle videos</em> like ""Top 5 Blenders for 2026"" and ""The Least Safe SUVs on the road today."" <br><br>The Transcripts option also includes Snippets. Snippets are short transcript excerpts surrounding a brand mention in the video. It's the exact words the creator said before and after referencing your client's brand or product. If the brand is mentioned repeatedly, as is often the case, we provide the first three snippets delivered live on demand.<br><br>Note: Most companies measuring video sentiment and/or offering transcript-level searches scrape the transcripts off YouTube's site. We do not scrape YouTube as it would put us out of compliance and in turn, put you out of compliance. We buy our transcripts from Google, explaining the price jump associated with this option.","<strong>All + Category Transcripts: </strong> Strongly recommended for Brand Queries. This final option turns up a specific, important type of Product Review Video – the&nbsp;<em>Big-view listicle videos</em> like ""Top 5 Blenders for 2026"" and ""The Least Safe SUVs on the road today."" <br><br>The Transcripts option also includes Snippets. Snippets are the exact words the creator said before and after referencing your client's brand or product. If the brand is mentioned repeatedly, as is often the case, we provide the first three snippets delivered live on demand.<br><br><i style="""">Note: Most companies offering transcript-level searches (like this option), or even just sentiment (which requires transcripts), scrape the transcripts off YouTube.&nbsp; That's against YouTube's Terms of Service, putting both the vendor and you out of compliance.&nbsp; We don't scrape YouTube.&nbsp; We buy our transcripts from Google, explaining the price jump associated with this option.</i>"
"info.refresh.t1","Query Type 1 · B. Data Refresh Frequency","(ⓘ) tooltip on title","We recommend Daily Data Refresh for Branded Queries. <br><br>If you choose <strong>Daily Data Refresh</strong>, your users will always have new data through yesterday, no matter when they visit your platform. New data includes any new Videos or Comments that appeared yesterday, as well as fresh metric counts (like new views) on older evergreen videos. If you choose Daily refresh, new videos will appear the day after they were published, making Daily Refresh especially important for monitoring new product rollouts, tracking organic pickup of time-sensitive campaigns like Super Bowl, monitoring media pickup of PR initiatives, tracking Crisis PR situations and closely monitoring consumer complaints.<br><br>If you choose <strong>Weekly Data Refresh</strong> you will save money, but your users will face a data hole that's miniscule on Mondays and awkwardly large on Sundays. We pull weekly data on Sunday nights, collecting the prior week's Monday to Sunday activity. If a user visits on a Monday, the data is completely current - the entire past week is available to them. The user who logs in on a Thursday will notice this week's Monday to Wednesday data is missing. The user who logs in on Sunday will face an entire week of missing data.","We recommend Daily Data Refresh for Branded Queries. <br><br><strong>Daily Data Refresh:&nbsp; </strong>Your users will always have new data through yesterday, no matter when they visit your platform. New data includes any new Videos or Comments that appeared yesterday, as well as fresh metric counts (like new views) on older evergreen videos. If you choose Daily refresh, new videos will appear the day after they were published, making Daily Refresh especially important for brands monitoring new product rollouts, tracking organic pickup of time-sensitive campaigns like Super Bowl, monitoring media pickup of PR initiatives, tracking Crisis PR situations and closely monitoring consumer complaints.<br><br><strong>Weekly Data Refresh:</strong>&nbsp;Saves money, but your users will face a data hole that's miniscule on Mondays and awkwardly large on Sundays. We pull weekly data on Sunday nights, collecting the prior week's Monday to Sunday activity. If a user visits on a Monday, the data is completely current - the entire past week is available to them. The user who logs in on a Thursday will notice this week's Monday to Wednesday data is missing. The user who logs in on Sunday will face an entire week of missing data."
"explainer.3.p","Explainer block","Item 3 body","Everyone asks the same question. Why won't YouTube give us enough quota to report accurately on their medium? We agree that the lack of YouTube results in Social Listening has had a direct effect on YouTube revenues, and we hope to contribute to fixing that. But more quota wouldn't help the platforms. The problem is database structure. YouTube is not a classic search engine like Google. Google wants to give you what you want right away - no need for a Page 2. YouTube, on the other hand, wants to increase users' Watch Time. That's why search results are filled with irrelevant content. That's why queries bring back more noise than signal. <br><br>We've been testing brand queries for a few months now. The average query submitted to the YouTube Search API brings back about 300 videos. Of those 300 videos, fewer than 10 videos on average satisfy the query. That's a 97% noise ratio. When we Adjust the brand's query with our fastest fix, those 10 on-target videos grow into the thousands. When we Contextualize the Query and eliminate all noise, we produce tens of thousands on Pure Signal videos over the 10 found via the YouTube API. The difference is astounding.","<div><b>Welcome to the Touchstorm Video Index, our Marketing Taxonomy.&nbsp; <br></b>It's our database structure that's been built for Brands, Products &amp; Product Categories, but its Topics cover every aspect of the human experience.&nbsp; No matter what a YouTube video is about, it has a place to live in the TVi - and it's ready for you to study. This is where your queries go. It's YouTube's database, but completely reformatted, enriched and reconfigured to produce wholly different results than querying the YouTube Search API. <br>•&nbsp; We boil the YouTube ocean every night, which means your clients won't be able to point out Missing Videos. <br>•&nbsp; Results are always current through yesterday. <br>•&nbsp; We've classified all videos featuring brands, products or product categories by Topic, enabling rich analyses for your site that goes beyond listing posts. <br>•&nbsp; We've been collecting data since 2007, meaning we caught the data early enough to provide Historical Trends in compliance with YouTube guidelines. <br>•&nbsp; We've appended all the data with other data and metrics important to brands, enabling deeper strategic analyses.&nbsp;&nbsp;</div><div>•&nbsp; Our grandfathered quota status means we don't need to limit your results.&nbsp;&nbsp;</div><div>•&nbsp; Our All Signal/No Noise guarantee means you can confidently charge clients by result.&nbsp;</div><div>•&nbsp; Our enhanced Creator Data connects Social Listening data to its logical outcome - the recruitment of Influencers. <br><br>Finally, true YouTube Social Listening is here. We're ready for your queries.<b></b></div><b><div><b><br></b></div><br></b>"
"explainer.2.h","Explainer block","Item 2 heading","GOODBYE VIDEO LIMITATIONS","YOUTUBE API QUOTA ISSUE"
"explainer.3.h","Explainer block","Item 3 heading","YOUTUBE API QUOTA ISSUE","THE TOUCHSTORM VIDEO INDEX"
"explainer.2.p","Explainer block","Item 2 body","Concern: Missing Videos<div>The Fix: Our Contextual Queries collect 100% of videos made about the brand</div><div><br></div><div>Concern: No Historical Trends, Waiting for Trends</div><div>The Fix: We provide the History so you can show trends on Day One </div><div><br></div><div>Concern: A Focus on Post Volume instead of Audience Volume</div><div>The Fix: We give you all Videos - even old ones - with View data so you can finally track audience</div><div><br></div><div>Concern: Results Limitations<br>The Fix: No cap on results....all the Videos Fit for the query<br><br>Concern: Too much junk, especially with usage-based platform fees</div><div>The Fix: Numerous tools for limiting noise, plus the ultimate solution - Contextual Queries</div><div><br></div><div>Concern: Confusing/unreliable/unverifiable Sentiment</div><div>The Fix: Sentiment for <i>each brand/product </i>in a video, Overall Comment Opinion Sentiment, and Snippet Quotes</div><div><br></div><div>Concern: Inability to Focus Results ""I want New Car info but Repair Info keeps showing up""</div><div>The Fix: Our Taxonomy with pre-classifications by Topic gives us fast, focused query terms and channels to add</div><div><br></div><div>Concern: Can't combine countries into the region where I work; need spreadsheets</div><div>The Fix: Brand region geography structure that rolls up individual countries into regional results</div><div><br></div><div>Concern: Lots of posting data, but too few charts and graphs to analyze results and strategize action steps</div><div>The Fix: Enriched brand data that lets your product people go to town with the types of charts and analyses brands really want, along with the BI models to do so. </div><div><br></div><div>Concern: Results from other divisions where I don't work make analysis difficult</div><div>The Fix: We've pre-configured and pre-classified YouTube's data to solve this problem</div><div><br></div><div>Concern: The burden of query-writing never seems to pay off with better results</div><div>The Fix: The perfection of Contextual Queries...turn in enough to specify your intention and we'll deliver</div><div><br></div><div>Concern: Video posts don't evaporate like text &amp; photo posts...but I can't see new data on evergreen videos</div><div>The Fix: We deliver all videos that have had views in the past three years, no matter when they were published. </div><div><br></div><div>No more barely-good-enough results. At Touchstorm DataLabs, we've fixed all that. </div>","<b>""Why won't YouTube give us enough API quota to report accurately on their medium?""</b> Everyone asks.&nbsp;&nbsp;<div><br></div><div><i>Let's be clear:&nbsp; more YouTube quota won't help the platforms extract better Social Listening Results.</i> The problem is two-fold: database structure on YouTube's end, and blind query-writing on the platforms' end.&nbsp;&nbsp;</div><div><br></div><div>YouTube Search is a recommendation engine, not a search engine in the classic sense.&nbsp; YouTube Search aims to expose users to new content that will enhance how much time people spend on the platform.&nbsp; That's why query-ing the YouTube Search API brings back more noise than signal.&nbsp; &nbsp;Part One of one of Touchstorm DataLabs' solution is technical.&nbsp; We boil the entire YouTube ocean for all content, parse out the brands, and classify them in a structure that can accurately respond to Social Listening queries.&nbsp;&nbsp;</div><div><br></div><div>The second part of our solution is query improvement.&nbsp; This component is human, although AI is speeding up human production.&nbsp; Query-writing without a content database is a blind exercise.&nbsp; Previewing query results against real-life data takes the blinders off.&nbsp; That advantage belongs solely to Touchstorm DataLabs.<br><i><br></i></div><i>See our Test Results under Adjusted &amp; Contextual Queries.</i>"
"explainer.4.h","Explainer block","Item 4 heading","THE TOUCHSTORM VIDEO INDEX","GOODBYE VIDEO LIMITATIONS"
"explainer.4.p","Explainer block","Item 4 body","Welcome to the Touchstorm Video Index, our Marketing Taxonomy. It's built for Brands, Products &amp; Product Categories. This is where your queries go. It's YouTube's database, but completely reformatted, enriched and reconfigured to produce wholly different results than querying the YouTube Search API. We boil the YouTube ocean every night, which means your clients won't be able to point out Missing Videos. Results are always current through yesterday. We've classified all videos featuring brands, products or product categories by Topic, enabling rich analyses for your site that goes beyond listing posts. We've been collecting data since 2007, meaning we caught the data early enough to provide Historical Trends (up to 36 months to comply with YouTube guidelines). Unlimited Results. With our All Signal/No Noise guarantee, you can confidently charge clients for accurate results. Our enhanced Creator Data connects Social Listening data to its logical outcome - the recruitment of Influencers. Finally, true YouTube Social Listening is here. We're ready for your queries.","<b>Touchstorm DataLabs isn't a partial solution.&nbsp; We've fixed </b><b><i>every problem </i>Platforms &amp; Brands have with Video Social Listening.&nbsp;&nbsp;</b><br><br><b>Concern:</b> Missing Videos<div><b>TDL Fix:</b> Our Contextual Queries collect 100% of videos made about the brand</div><div><br></div><div><b>Concern:</b> No Historical Trends, Waiting for Trends</div><div><b>TDL </b><b>Fix: </b>We provide the History so you can show trends on Day One</div><div><br></div><div><b>Concern:</b> A Focus on Post Volume instead of Audience Volume</div><div><b>TDL </b><b>Fix:</b> We give you all Videos - even old ones - with View data so you can finally track audience</div><div><br></div><div><b>Concern:</b> Results Limitations<br><b>TDL </b><b>Fix:</b> No cap on results....all the Videos Fit for the query<br><br><b>Concern: </b>Too much junk, especially with usage-based platform fees</div><div><b>TDL </b><b>Fix:</b> Numerous tools for limiting noise, plus the ultimate solution - Contextual Queries</div><div><br></div><div><b>Concern:</b> Confusing/unreliable/unverifiable Sentiment</div><div><b>TDL </b><b>Fix:</b> Sentiment for <i>each brand/product </i>in a video, Overall Comment Opinion Sentiment, and Snippet Quotes</div><div><br></div><div><b>Concern: </b>Inability to Focus Results ""I want New Car info but Repair Info keeps showing up""</div><div><b>TDL </b><b>Fix:</b> Our Taxonomy with pre-classifications by Topic gives us fast, focused query terms and channels to add</div><div><br></div><div><b>Concern:</b> Can't combine countries into the region where I work; need spreadsheets</div><div><b>TDL </b><b>Fix:</b> Brand region geography structure that rolls up individual countries into regional results</div><div><br></div><div><b>Concern:</b> Lots of posting data, but too few charts and graphs to analyze results and strategize action steps</div><div><b>TDL </b><b>Fix:</b> Enriched brand data that lets your product people go to town with the types of charts and analyses brands really want, along with the BI models to do so.</div><div><br></div><div><b>Concern:</b> Results from other divisions where I don't work make analysis difficult</div><div><b>TDL </b><b>Fix:</b> We've pre-configured and pre-classified YouTube's data to solve this problem</div><div><br></div><div><b>Concern:</b> The burden of query-writing never seems to pay off with better results</div><div><b>TDL </b><b>Fix:</b> The perfection of Contextual Queries...turn in enough to specify your intention and we'll deliver</div><div><br></div><div><b>Concern:</b> Video posts don't evaporate like text &amp; photo posts...but I can't see new data on evergreen videos</div><div><b>TDL </b><b>Fix:</b> We deliver all videos that have had views in the past three years, no matter when they were published.</div><div><br></div><div>No more barely-good-enough results. At Touchstorm DataLabs, we've fixed all that.</div>"
"explainer.5.p","Explainer block","Item 5 body","Social Listening Platforms either have clients write their own queries, and/or, the platform expands them using AI. Our extensive testing reveals that when these queries hit the YouTube search API the results produced are 95% noise and 5% signal on average. That's because YouTube wants other things out of its Search Engine, and therefore, fills results with recommended Videos that don't answer brands' Social Listening Queries. You're unable to publish great results, and in turn, that hurts YouTube, because virtually every brand - also an advertiser - sees their best results coming from Meta and other properties. Touchstorm DataLabs is the only company to have pre-configured YouTube's database so that it can be queried by Social Listening Platforms and brands interested in gathering their own Social Listening Data. Every video ever made about a brand - whether the brand name is in the Video Title or buried deep within a Description, Tag or Transcript - has been classified into our marketing taxonomy, the Touchstorm Video Index. Brands, and each of their divisions, live in precisely the right categories &amp; sub-categories. Videos made about brands by others live precisely inside hundreds of thousands of Topics and Sub-Topics. Product Information has its home as well.","delete"
"explainer.5.h","Explainer block","Item 5 heading","HOW WE WORK","delete"
"explainer.1.h","Explainer block","Item 1 heading","HOW BIG IS YOUTUBE?","HOW DOMINANT IS YOUTUBE?"